{"motor_sensors":
    {
    "P_motor_1_DE": 
        {"rated_freq": 19.8166666667,
        "BPF_r": [3.13, 4.87, 2.2, 0.39]},
    "P_motor_1_NDE": 
        {"rated_freq": 19.8166666667, 
        "BPF_r": [3.13, 4.87, 2.2, 0.39]},
    "P_motor_2_DE": 
        {"rated_freq": 19.8166666667, 
        "BPF_r": [3.13, 4.87, 2.2, 0.39]},
    "P_motor_2_NDE": 
        {"rated_freq": 19.8166666667, 
        "BPF_r": [3.13, 4.87, 2.2, 0.39]},
    "P_motor_3_DE": 
        {"rated_freq": 19.8166666667,
        "BPF_r": [3.13, 4.87, 2.2, 0.39]},
    "P_motor_3_NDE": 
        {"rated_freq": 19.8166666667, 
        "BPF_r": [3.13, 4.87, 2.2, 0.39]},
    "P_motor_4_DE": 
        {"rated_freq": 19.8166666667,
        "BPF_r": [3.06, 4.94, 2.02, 0.38]},
    "P_motor_4_NDE": 
        {"rated_freq": 19.8166666667, 
        "BPF_r": [33.13, 4.87, 2.2, 0.39]},
	"P_motor_5_DE": 
        {"rated_freq": 19.8166666667,
        "BPF_r": [3.06, 4.94, 2.02, 0.38]},
    "P_motor_5_NDE": 
        {"rated_freq": 19.8166666667, 
        "BPF_r": [33.13, 4.87, 2.2, 0.39]},
	"P_motor_6_DE": 
        {"rated_freq": 19.8166666667,
        "BPF_r": [3.06, 4.94, 2.02, 0.38]},
    "P_motor_6_NDE": 
        {"rated_freq": 19.8166666667, 
        "BPF_r": [33.13, 4.87, 2.2, 0.39]}
    },
"pump_sensors":
    {
    "P_pump_1_DE": 
        {"rated_freq": 19.8166666667,
        "BPF_r": [4.08, 5.92, 2.62, 0.41]},
    "P_pump_1_NDE": 
        {"rated_freq": 19.8166666667, 
        "BPF_r": [4.08, 5.92, 2.62, 0.41]},
    "P_pump_2_DE": 
        {"rated_freq": 19.8166666667, 
        "BPF_r": [4.08, 5.92, 2.62, 0.41]},
    "P_pump_2_NDE": 
        {"rated_freq": 19.8166666667, 
        "BPF_r": [4.08, 5.92, 2.62, 0.41]},
    "P_pump_3_DE": 
        {"rated_freq": 19.8166666667, 
        "BPF_r": [4.08, 5.92, 2.62, 0.41]},
    "P_pump_3_NDE": 
        {"rated_freq": 19.8166666667, 
        "BPF_r": [4.08, 5.92, 2.62, 0.41]},
    "P_pump_4_DE": 
        {"rated_freq": 19.8166666667,
        "BPF_r": [4.08, 5.92, 2.62, 0.41]},
    "P_pump_4_NDE": 
        {"rated_freq": 19.8166666667,
        "BPF_r": [4.08, 5.92, 2.62, 0.41]},
	"P_pump_5_DE": 
        {"rated_freq": 19.8166666667, 
        "BPF_r": [4.08, 5.92, 2.62, 0.41]},
    "P_pump_5_NDE": 
        {"rated_freq": 19.8166666667, 
        "BPF_r": [4.08, 5.92, 2.62, 0.41]},
    "P_pump_6_DE": 
        {"rated_freq": 19.8166666667,
        "BPF_r": [4.08, 5.92, 2.62, 0.41]},
    "P_pump_6_NDE": 
        {"rated_freq": 19.8166666667,
        "BPF_r": [4.08, 5.92, 2.62, 0.41]}

    }
}
